{"distinct": [[{"description": "", "title": "my guitar", "price": "29.95", "source": "amazon", "id": "b000v7rij8", "manufacturer": "emedia"}, {"description": "pcdefense protects you from: spyware - spyware scan removes the spyware that's compromising your privacy right now spyalarm blocks new spyware threats before they transmit your personal information to online criminals keyloggers: keylogger prevention stops malicious keyloggers from invading your privacy and stealing your identity rootkits: rootkit scan identifies hidden files and processes that are undetectable by conventional security suites viruses: virus scan delivers on-demand web-based scanning tools that are constantly updated protecting you against the latest virus threats system failure: recover from a catastrophic attack rootkit infestation or system failure using disaster recovery. disaster recovery restores your entire system - files settings and programs", "title": "pcdefense", "price": "29.95", "source": "amazon", "id": "b000hlt55i", "manufacturer": "avanquest software"}], [{"description": "mighty math number heroes teaches your 3rd 4th 5th or 6th grader the concepts facts and thinking skills necessary to build math confidence and develop a strong lasting understanding of math!", "title": "mighty math number heroes", "price": "9.95", "source": "google", "id": "http://www.google.com/base/feeds/snippets/10898705926445837951", "manufacturer": ""}, {"description": "with its simple setup intuitive user-friendly interface and multiple security options timbuktu pro for windows is the best remote control choice for your home classroom or small business. with timbuktu pro you can view the screen of a remote computer or share your screen with one or many remote computers to collaborate teach or provide technical support. use your mouse and keyboard to operate distant computers as if you were sitting right in front of them send large files without tying up email and communicate by intercom text chat or instant message.", "title": "timbuktu remote control softwre 10 licenses for windows", "price": "0", "source": "amazon", "id": "b0009rkkmc", "manufacturer": "netopia"}], [{"description": "the ulead videostudio plus is video editing and dvd authoring software for anyone who wants to easily produce professional-looking videos slideshows and dvds. enjoy unique and powerful features including full hd dvd authoring avchd support dolby digital 5.1 surround sound and a full set of easy corrective and creative filters.", "title": "videostudio 11 plus", "price": "0", "source": "amazon", "id": "b000qeitty", "manufacturer": "corel"}, {"description": "nortel networks sr2116010 : usually ships in 24 hours : : safenet softremote is the next generation of remote access client software and offers unparalleled extended features to remote access users connecting to the corporate vpn.", "title": "sr2116010 safenet softremote vpn client - license - 5 users - win", "price": "184.57", "source": "google", "id": "http://www.google.com/base/feeds/snippets/12794057828592537357", "manufacturer": ""}], [{"description": "symantec 10517904 : symantec client security business packs proactively protect your business from viruses spyware and hackers. the antivirus and client firewall operate together to eliminate malicious code and block online intrusions. integrated ...", "title": "symantec 10517904 - client security v.3.1 business pack - complete product - internet security - 50 user(s) - complete product - standard - pc- free shipping", "price": "1895.97", "source": "google", "id": "http://www.google.com/base/feeds/snippets/18434800306472435486", "manufacturer": ""}, {"description": "", "title": "gods and generals", "price": "14.88", "source": "google", "id": "http://www.google.com/base/feeds/snippets/18436819305202715774", "manufacturer": ""}], [{"description": "", "title": "safekeeper plus", "price": "39.99", "source": "amazon", "id": "b000jx1on0", "manufacturer": "bling"}, {"description": "red hat rhf0211us : usually ships in 24 hours : : red hat's support services provide flexible and cost-effective coverage for your operating infrastructure.", "title": "rhf0211us red hat enterprise linux as premium support - red hat enterprise linux as for am", "price": "53937.1", "source": "google", "id": "http://www.google.com/base/feeds/snippets/13358892717573509768", "manufacturer": ""}], [{"description": "software testing second edition provides practical insight into the world of software testing and quality assurance. learn how to find problems in any computer program how to plan an effective test approach and how to tell when software is ready ...", "title": "software testing", "price": "28.69", "source": "google", "id": "http://www.google.com/base/feeds/snippets/2318451966318473788", "manufacturer": ""}, {"description": "adorama camera: please note all software cannot be returned or exchanged. nik color efex pro 2.0 photographic filters offer features that enable you to make digital image enhancements that are easier and better. nik color efex pro 2.0 for nikon ...", "title": "nik software color efex pro 2.0 complete edition for nikon capture 4 plug-in software for macintosh & windows", "price": "169.95", "source": "google", "id": "http://www.google.com/base/feeds/snippets/3407955772377951020", "manufacturer": ""}], [{"description": "microsoft c7s-00024 : usually ships in 24 hours : in stock : are you tired of spending time trying to protect and maintain your computer? are you worried that you're still not doing everything you should to keep it safe and running at optimal ...", "title": "c7s-00024 windows live onecare - ( v. 1.5 ) - complete package - 3 pcs - cd - win - englis", "price": "38.64", "source": "google", "id": "http://www.google.com/base/feeds/snippets/13424045945054821066", "manufacturer": ""}, {"description": "", "title": "ams200 4gb", "price": "383820.94", "source": "google", "id": "http://www.google.com/base/feeds/snippets/11852157541503501931", "manufacturer": ""}], [{"description": "encore software 11141 : encore software fate sb cs by wild games - 11141", "title": "encore software 11141 - fate sb cs by wild games", "price": "17.97", "source": "google", "id": "http://www.google.com/base/feeds/snippets/826668451451666270", "manufacturer": ""}, {"description": "you are the doctor! emergency room code red legacy's latest interactive medical game combines the best of television drama and realistic gameplay in an unprecedented cd-rom experience. with all new cases and storylines emergency room code red extends the popular emergency room series and thought-provoking gameplay. as an er doctor in a community rife with riots and chaos you'll confront dramatic emergency cases use realistic medical tools and procedures and witness photo-realistic injuries. every decision is critical. emergency room code red is perfect for anyone with or without medical training who wants to know what it's really like to be a doctor. time triggers increase the pressure to perform critical procedures fast - after all this is an emergency room", "title": "er", "price": "19.99", "source": "amazon", "id": "b0002yitti", "manufacturer": "vivendi universal"}], [{"description": "in sonic riders dr. eggman challenges sonic and his friends to a worldwide grand prix and the winner takes all the chaos emeralds! gliding on air on many different hover-boards gamers experience sports-style racing tension as sonic and his pals ...", "title": "nintendo gamecube: sonic riders", "price": "19.99", "source": "google", "id": "http://www.google.com/base/feeds/snippets/13336131401261992237", "manufacturer": ""}, {"description": "you are the doctor! emergency room code red legacy's latest interactive medical game combines the best of television drama and realistic gameplay in an unprecedented cd-rom experience. with all new cases and storylines emergency room code red extends the popular emergency room series and thought-provoking gameplay. as an er doctor in a community rife with riots and chaos you'll confront dramatic emergency cases use realistic medical tools and procedures and witness photo-realistic injuries. every decision is critical. emergency room code red is perfect for anyone with or without medical training who wants to know what it's really like to be a doctor. time triggers increase the pressure to perform critical procedures fast - after all this is an emergency room", "title": "er", "price": "19.99", "source": "amazon", "id": "b0002yitti", "manufacturer": "vivendi universal"}], [{"description": "advanced iseries v7.0ml 0pts", "title": "ibm websphere development studio client advanced edition for iseries - ( v. 7.0 ) - media", "price": "108.95", "source": "google", "id": "http://www.google.com/base/feeds/snippets/16302873255595243159", "manufacturer": ""}, {"description": "based on the school zone workbook series this program teaches critical math skills with interactive activities and fun games. proven curriculum audio guidance and clear examples help your child master addition subtraction multiplication place values and other skills. the program randomizes problems with each use providing endless activities. the engaging games provide a helpful break.", "title": "math 2", "price": "9.99", "source": "amazon", "id": "b00005birs", "manufacturer": "school zone"}], [{"description": "computer associates international bablbr1150s06 : usually ships in 24 hours : : the brightstor arcserve backup enterprise option for ingres enables hot fast non-disruptive backups and efficient restores for ingres database users.", "title": "bablbr1150s06 brightstor arcserve backup enterprise option for advantage ingres for linux - (", "price": "842.73", "source": "google", "id": "http://www.google.com/base/feeds/snippets/13062769020372950507", "manufacturer": ""}, {"description": "encore fate - arrive in the fabled forest town of grove and travel to the outskirts where the old wood meets the dungeon gate. past this iron-clad gate you will determine your destiny and build providence. get tips from townspeople to acquire power with unique weaponry and magic spells. your faithful companion (a cat or jack russell terrier) defends you against monsters that lurk within dark dangerous corridors. within these mysterious walls you'll find infinite adventure and perhaps fortune and glory. take the dare ...test your worth ...and determine your fate!", "title": "fate", "price": "19.99", "source": "amazon", "id": "b000hlp5w0", "manufacturer": "encore"}], [{"description": "encore fate - arrive in the fabled forest town of grove and travel to the outskirts where the old wood meets the dungeon gate. past this iron-clad gate you will determine your destiny and build providence. get tips from townspeople to acquire power with unique weaponry and magic spells. your faithful companion (a cat or jack russell terrier) defends you against monsters that lurk within dark dangerous corridors. within these mysterious walls you'll find infinite adventure and perhaps fortune and glory. take the dare ...test your worth ...and determine your fate!", "title": "fate", "price": "19.99", "source": "amazon", "id": "b000hlp5w0", "manufacturer": "encore"}, {"description": "buy.com: marine aquarium & goldfish screen saver by encore software from the general utility software department", "title": "marine aquarium & goldfish screen saver by encore software", "price": "19.99", "source": "google", "id": "http://www.google.com/base/feeds/snippets/8283450521159112077", "manufacturer": ""}], [{"description": "reel deal casino shuffle master edition is packed with the hot casino games -- master them and become a high roller!", "title": "reel deal casino shuffle master edition", "price": "19.99", "source": "amazon", "id": "b0000c7fpt", "manufacturer": "phantom efx"}, {"description": "you are the doctor! emergency room code red legacy's latest interactive medical game combines the best of television drama and realistic gameplay in an unprecedented cd-rom experience. with all new cases and storylines emergency room code red extends the popular emergency room series and thought-provoking gameplay. as an er doctor in a community rife with riots and chaos you'll confront dramatic emergency cases use realistic medical tools and procedures and witness photo-realistic injuries. every decision is critical. emergency room code red is perfect for anyone with or without medical training who wants to know what it's really like to be a doctor. time triggers increase the pressure to perform critical procedures fast - after all this is an emergency room", "title": "er", "price": "19.99", "source": "amazon", "id": "b0002yitti", "manufacturer": "vivendi universal"}], [{"description": "century software ttpl-1 : tinyterm plus addresses the host connectivity needs of enterprise-level organizations that require access to ibm mainframes mid-range computer systems and unix / linux servers. standardizing on tinyterm plus offers easy ...", "title": "century software ttpl-1 - century tinyterm plus v.4.0 - complete product - connectivity/data acess - 1 user(s) complete product - standard - english - pc", "price": "188.97", "source": "google", "id": "http://www.google.com/base/feeds/snippets/17693391962532243349", "manufacturer": ""}, {"description": "you are the doctor! emergency room code red legacy's latest interactive medical game combines the best of television drama and realistic gameplay in an unprecedented cd-rom experience. with all new cases and storylines emergency room code red extends the popular emergency room series and thought-provoking gameplay. as an er doctor in a community rife with riots and chaos you'll confront dramatic emergency cases use realistic medical tools and procedures and witness photo-realistic injuries. every decision is critical. emergency room code red is perfect for anyone with or without medical training who wants to know what it's really like to be a doctor. time triggers increase the pressure to perform critical procedures fast - after all this is an emergency room", "title": "er", "price": "19.99", "source": "amazon", "id": "b0002yitti", "manufacturer": "vivendi universal"}], [{"description": "encore software 11610 : scrabble takes the world s most popular word game and adds a new dimension. try more than a dozen mini-games for quick doses of scrabble fun. system requirements: operating system: windows 95/98/me/xp processor: pentium ii ...", "title": "encore software 11610 - scrabble with bonus clue - win 98 me 2000 xp", "price": "18.97", "source": "google", "id": "http://www.google.com/base/feeds/snippets/2651646167662758246", "manufacturer": ""}, {"description": "you are the doctor! emergency room code red legacy's latest interactive medical game combines the best of television drama and realistic gameplay in an unprecedented cd-rom experience. with all new cases and storylines emergency room code red extends the popular emergency room series and thought-provoking gameplay. as an er doctor in a community rife with riots and chaos you'll confront dramatic emergency cases use realistic medical tools and procedures and witness photo-realistic injuries. every decision is critical. emergency room code red is perfect for anyone with or without medical training who wants to know what it's really like to be a doctor. time triggers increase the pressure to perform critical procedures fast - after all this is an emergency room", "title": "er", "price": "19.99", "source": "amazon", "id": "b0002yitti", "manufacturer": "vivendi universal"}], [{"description": "hop q*bert around the board while avoiding coily ugg wrongway slick and sam! look out for coily he'll chase q*bert all around the board. change the color of the cubes to complete each round. based on the 80's arcade phenomenon q*bert 2005 offers 50 different board shapes and level after level of hopping-mad fun!", "title": "q*bert", "price": "9.99", "source": "amazon", "id": "b000ra20uq", "manufacturer": "encore"}, {"description": "hewlett packard t1936aa ua0 : the hp mfp digital sending software (hp dss ) is a software application that enables an hp multifunction peripheral (mfp) to send scanned documents directly to several types of destinations. e-mail send the document as ...", "title": "hewlett packard t1936aa ua0 - hp digital sending software 4.0 - complete product - document management - 1 device(s) - complete product - standard - multilingual - pc", "price": "342.97", "source": "google", "id": "http://www.google.com/base/feeds/snippets/8709560014305112537", "manufacturer": ""}], [{"description": "adobe 38040450 : quickly and easily design develop and maintain websites and web applications - from start to finish - with adobe dreamweaver cs3 software. built for both designers and developers dreamweaver cs3 offers the choice of working in an ...", "title": "adobe 38040450 - dreamweaver cs3 - complete product - web development - 1 user - complete product - academic - universal english - mac intel-based mac", "price": "182.97", "source": "google", "id": "http://www.google.com/base/feeds/snippets/18415197771734313133", "manufacturer": ""}, {"description": "un-chain your mind with chainz a challenging puzzle game of colorful logic. rotate links to form chains of matching colors. set up chain reactions and incorporate bonus links for big rewards. you can play at your own pace or try and beat the clock!", "title": "chainz", "price": "7.95", "source": "google", "id": "http://www.google.com/base/feeds/snippets/10653650044147063663", "manufacturer": ""}], [{"description": "software", "title": "software", "price": "736.95", "source": "google", "id": "http://www.google.com/base/feeds/snippets/16596657818717861550", "manufacturer": ""}, {"description": "microsoft 121-00324 : design develop and test modern service-oriented solutions. team suite combines the visual studio team system role-based products into a set that address the needs of multifunctional roles in an organization. with visual ...", "title": "microsoft 121-00324 - visual studio team suite 2005 with msdn premium subscriptions - complete product - software development - standard - 1 user(s) - complete product - english - pc- free shipping", "price": "10015.97", "source": "google", "id": "http://www.google.com/base/feeds/snippets/124870490385972224", "manufacturer": ""}], [{"description": "quickbooks premier: accountant edition 2007 is an all-in-one bookkeeping write-up and financial reporting tool that helps accounting professionals work efficiently with multiple quickbooks clients.highlights include: support your quickbooks 2007 ...", "title": "quickbooks(r) premier: accountant edition 2007", "price": "399.99", "source": "google", "id": "http://www.google.com/base/feeds/snippets/13462613778315667738", "manufacturer": ""}, {"description": "professional and impressive!imprinted with your business name and address!guaranteed compatible with your quickbooks(r) and quickbooks for windows(r) software.neat and clean. no carbon to touch. runs easily and smoothly through your printer without ...", "title": "quickbooks(r)", "price": "178.99", "source": "google", "id": "http://www.google.com/base/feeds/snippets/6045602586633351528", "manufacturer": ""}], [{"description": "helps ensure files on local or remote servers are protected whilein use and are not skipped when running a backup job. the symantecbackup exec advanced open file option handles open files at thevolume level and is seamlessly integrated into backup ...", "title": "backup exec (v11d) for windows servers advanced open file option - symantec - 10", "price": "390.1 gbp", "source": "google", "id": "http://www.google.com/base/feeds/snippets/18418344557320745521", "manufacturer": ""}, {"description": "encore fate - arrive in the fabled forest town of grove and travel to the outskirts where the old wood meets the dungeon gate. past this iron-clad gate you will determine your destiny and build providence. get tips from townspeople to acquire power with unique weaponry and magic spells. your faithful companion (a cat or jack russell terrier) defends you against monsters that lurk within dark dangerous corridors. within these mysterious walls you'll find infinite adventure and perhaps fortune and glory. take the dare ...test your worth ...and determine your fate!", "title": "fate", "price": "19.99", "source": "amazon", "id": "b000hlp5w0", "manufacturer": "encore"}], [{"description": "encore software 10279 : only the developers of the 1 best-selling marine aquarium can bring the ultra-realistic experience of sharks: terrors of the deep. system requirements: windows 98 98se me 2000 or xp (home or professional). a ...", "title": "encore software 10279 - sharks 2.0 (win 95 98 me 2000 xp/mac 10.1 or higher)", "price": "18.97", "source": "google", "id": "http://www.google.com/base/feeds/snippets/4573258796236774141", "manufacturer": ""}, {"description": "you are the doctor! emergency room code red legacy's latest interactive medical game combines the best of television drama and realistic gameplay in an unprecedented cd-rom experience. with all new cases and storylines emergency room code red extends the popular emergency room series and thought-provoking gameplay. as an er doctor in a community rife with riots and chaos you'll confront dramatic emergency cases use realistic medical tools and procedures and witness photo-realistic injuries. every decision is critical. emergency room code red is perfect for anyone with or without medical training who wants to know what it's really like to be a doctor. time triggers increase the pressure to perform critical procedures fast - after all this is an emergency room", "title": "er", "price": "19.99", "source": "amazon", "id": "b0002yitti", "manufacturer": "vivendi universal"}], [{"description": "key features: over 250 lessons practice 15 minutes a day arcade-style games import mp3 files download to palm os windows and mac ...", "title": "mavis beacon teaches typing 17 standard (pc/mac) encore", "price": "19.99", "source": "google", "id": "http://www.google.com/base/feeds/snippets/12643092178258671772", "manufacturer": ""}, {"description": "jaws is a new kind of 3rd-person adventure where you become the deadly ocean predator from the classic movies. driven mad by low-frequency radio waves you'll eliminate the oil drilling crews and their equipment that are responsible for the frenzy-causing emissions. armed with 3000 teeth and powered by 5000 pounds of muscle you will hunt down and annihilate your enemies in an accurate undersea world. over 25 points of disconnection allowing characters and objects to be torn apart by jaws piece by piece follow story-based missions enounter side missions or roam the island area causing havoc", "title": "jaws", "price": "19.99", "source": "amazon", "id": "b0009vau14", "manufacturer": "majesco entertainment"}]], "match": [[{"description": "guaranteed compatible!variety. forms and checks for all your needs in your choice of fanfolded continuous or single-sheet laser/inkjet.run easily. designed for smooth easy processing through your printer.no mess. all forms and checks use carbonless ...", "title": "laser/inkjet checks for peachtree(r) complete iii for dos v. 5.0-10.0", "price": "106.29", "source": "google", "id": "http://www.google.com/base/feeds/snippets/15932863893105585101", "manufacturer": ""}, {"description": "guaranteed compatible!variety. forms and checks for all your needs in your choice of fanfolded continuous or single-sheet laser/inkjet.run easily. designed for smooth easy processing through your printer.no mess. all forms and checks use carbonless ...", "title": "laser/inkjet checks for peachtree(r) complete iii for dos v. 5.0-10.0", "price": "106.29", "source": "google", "id": "http://www.google.com/base/feeds/snippets/17449789691934713419", "manufacturer": ""}], [{"description": "address shows through to save you time!just fold your form insert and mail. the recipients address shows right through the window.sturdy 24-lb. white wove stock ensures safe arrival of the contents.quantity. comes in boxes of 500.window layouts: ...", "title": "specialty double window envelopes to match your forms & checks", "price": "67.49", "source": "google", "id": "http://www.google.com/base/feeds/snippets/16244076114747393740", "manufacturer": ""}, {"description": "address shows through to save you time!just fold your form insert and mail. the recipients address shows right through the window.sturdy 24-lb. stock ensures safe arrival of the contents.imprinted with your business name. we will imprint up to 5 ...", "title": "specialty single window envelopes to match your forms & checks", "price": "81.49", "source": "google", "id": "http://www.google.com/base/feeds/snippets/3275800275435893193", "manufacturer": ""}], [{"description": "sonicwall 01-ssc-6669 : usually ships in 24 hours : : high performance: using its unique pre-emptive scanning mail transfer agent (mta) sonicwall email security offers breakthrough message analysis.", "title": "01-ssc-6669 sonicwall email protection subscription - subscription license ( 1 year ) + dyna", "price": "434.84", "source": "google", "id": "http://www.google.com/base/feeds/snippets/13436828206719982700", "manufacturer": ""}, {"description": "sonicwall 01-ssc-6791 : usually ships in 24 hours : : high performance: using its unique pre-emptive scanning mail transfer agent (mta) sonicwall email security offers breakthrough message analysis.", "title": "01-ssc-6791 sonicwall email protection subscription - subscription license ( 2 years ) + dyn", "price": "1234.09", "source": "google", "id": "http://www.google.com/base/feeds/snippets/13753377846949700108", "manufacturer": ""}], [{"description": "minimum system requirements: operating system: mac os x 10.3.9 or later cpu processor: powerpc g5 or intel chipset cpu speed: 1.8 ghz memory: 512 mb or higher hard disk space: 2.5gb free disk space video card (ati): radeon 9600 video card (nvidia): ...", "title": "aspyr prey", "price": "47.99", "source": "google", "id": "http://www.google.com/base/feeds/snippets/201121512151694259", "manufacturer": ""}, {"description": "system requirements: operating system: mac os x 10.3.9 or later cpu processor: powerpc g3 or later cpu speed: 500mhz or faster memory: 256 mb or higher hard disk space: 3.5 gb free disk space video memory (vram): 4 mb or higher media required: dvd ...", "title": "aspyr the sims complete collection", "price": "47.99", "source": "google", "id": "http://www.google.com/base/feeds/snippets/1936516034668822172", "manufacturer": ""}], [{"description": "use your own pc to write your checks in half the time.easy to use. continuous checks are fanfolded to run smoothly through your printer. pinholes are precision-aligned - will not jam. ncr paper make crisp copies without messy carbons. choose 1- or 2 ...", "title": "quicken(r) quickbooks(r) microsoft money(r) and simply money(r) continuous checks", "price": "73.99", "source": "google", "id": "http://www.google.com/base/feeds/snippets/9596772008310539519", "manufacturer": ""}, {"description": "use your own pc to write your checks in half the time.easy to use. continuous checks are fanfolded to run smoothly through your printer. pinholes are precision-aligned - will not jam. ncr paper make crisp copies without messy carbons. choose 1- or 2 ...", "title": "quicken(r) quickbooks(r) microsoft money(r) and simply money(r) continuous checks", "price": "91.59", "source": "google", "id": "http://www.google.com/base/feeds/snippets/7445974807657474973", "manufacturer": ""}], [{"description": "punch software 25100 : punch! master landscape & home design includes an extensive sortable plantings library organized by nursery-standard zones. deck home exterior topography and other options add realism. new technology allows you to integrate ...", "title": "punch software 25100 - punch! master landscape & home design - architectural - 1 user(s) - pc", "price": "45.97", "source": "google", "id": "http://www.google.com/base/feeds/snippets/15756558104583624199", "manufacturer": ""}, {"description": "punch! master landscape & home design offers an extensive plantings database deck topography and new technology integrating your actual home photos into infinite 3d views. this garden and landscape software lets you bring your landscaping ideas to ...", "title": "punch software 25100 punch! master landscape and home design", "price": "45.99", "source": "google", "id": "http://www.google.com/base/feeds/snippets/11265957088683077055", "manufacturer": "punch software"}], [{"description": "requires mac os x 10.4 or later...", "title": "allume internet cleanup 4.0", "price": "29.99", "source": "google", "id": "http://www.google.com/base/feeds/snippets/18053348848713858697", "manufacturer": ""}, {"description": "system requirements mac os 10.3 or newer", "title": "allume internet cleanup 3.0", "price": "24.99", "source": "google", "id": "http://www.google.com/base/feeds/snippets/5520835678868977029", "manufacturer": ""}], [{"description": "the master of mischief has stolen the magic crown and is using its power to gather all of the mountain's magic gold. to win back the crown children must find treasures hidden along the trail and lock them away in the mountaintop castle. they'll need to avoid mischievous elves and answer their reading thinking math and science questions. more than 450 spoken problem-solving questions and automatic leveling make playing easier for prereaders and beginning readers. (ages 5-9)", "title": "treasure mountain! (jewel case) ages 5-9 for win/mac", "price": "9.99", "source": "amazon", "id": "b00002sam7", "manufacturer": "riverdeep"}, {"description": "answer their reading thinking math and science questions and the elves will reward you with clues and coins to help you master the mountain!", "title": "treasure mountain", "price": "8.95", "source": "google", "id": "http://www.google.com/base/feeds/snippets/9299240234809634610", "manufacturer": ""}], [{"description": "punch software 42100 : the big story is flexibility and ease of use. architectural series 18 provides innovative new tools to unleash your design creativity. explore new tools for creating complex objects from simple ones presentation tools for ...", "title": "punch software 42100 - punch! home design architectural series 18 - complete product - architectural - 1 user(s) - complete product - standard - english - pc", "price": "108.97", "source": "google", "id": "http://www.google.com/base/feeds/snippets/12017561125627261759", "manufacturer": ""}, {"description": "architectural series 18 provides innovative new tools to unleash your design creativity. novice or pro punch! architectural series 18 has the tools and flexibility to have anyone designing a professional-looking home design quickly and easily. a ...", "title": "punch software 41100 punch! home design architectural series 18", "price": "118.99", "source": "google", "id": "http://www.google.com/base/feeds/snippets/6247936198343071793", "manufacturer": "punch software"}], [{"description": "photo explosion deluxe 2.0 delivers powerful photo editing features spectacular special effects and professional-quality photo projects - all together in one program. this software makes digital photography even easier. and its packed with exciting ...", "title": "photo explosion deluxe(r) 2.0", "price": "49.99", "source": "google", "id": "http://www.google.com/base/feeds/snippets/17075147063915025994", "manufacturer": ""}, {"description": "photo explosioni?1/2 deluxe 3.0 delivers powerful photo editing features spectacular special effects and professional-quality photo projects - all together in one complete suite offering millions of creative combinations. it's packed with exciting new features designed to unlock the power of your digital camera. improve your photos with one-click smartenhance& 153; red-eye removal and a full array of easy-to-use photo editing tools. then create eye-catching photo calendars scrapbooks wide-angle panoramas and more or even morph one photo into another. this deluxe edition lets you burn photo slide shows onto cds that you can watch on tv with family and friends using most dvd players. you can also view your photos on mobile phones handhelds and ipods.", "title": "photo explosion deluxe 3.0", "price": "49.99", "source": "amazon", "id": "b000j54pac", "manufacturer": "nova development"}], [{"description": "after effects professional 7.0 software for mac os x the after effects professional 7.0 software for mac os x from adobe is a powerful 2d and 3d compositing software suite. it features hundreds of effects and animation presets to bring a new ...", "title": "adobe after effects professional 7.0 software effects software", "price": "998.95", "source": "google", "id": "http://www.google.com/base/feeds/snippets/4682448981783641744", "manufacturer": ""}, {"description": "adobe after effects 7.0 win pb software sets new standards for motion graphics and visual effects.", "title": "adobe after effects professional 7.0", "price": "999", "source": "amazon", "id": "b000e8jl80", "manufacturer": "adobe"}], [{"description": "encore software 10655 : select a deck and start your bidding! hoyle the 1 best-selling brand in gaming revives a classic game to bring you hoyle bridge! system requirements: windows 98se/me/2000 sp4/xp sp1 pentium ii 233mhz 32mb ram (128mb for xp) ...", "title": "encore software 10655 - hoyle bridge - win 98 me 2000 xp", "price": "7.69", "source": "google", "id": "http://www.google.com/base/feeds/snippets/11117774223029062148", "manufacturer": ""}, {"description": "encore software 10669 : hoyle the 1 best selling game authority revives yet another classic board game. hoyle backgammon is great for players of all levels! system requirements: windows 98se/me/2000 sp4/xp (home and pro) sp1i?1/2 pentium ii 233mhz ...", "title": "encore software 10669 - hoyle backgammon - win 98 me 2000 xp", "price": "7.69", "source": "google", "id": "http://www.google.com/base/feeds/snippets/11611566315397308287", "manufacturer": ""}], [{"description": "system requirements powerpc g4 or g5 or intel core processor mac os x v10.4.8 java runtime environment 1.5 1gb ram 6.3gb free hard-disk space (additional space required during installation) 1024 x 768 display resolution with 16-bit video card ...", "title": "adobe cs3 design premium", "price": "1865.99", "source": "google", "id": "http://www.google.com/base/feeds/snippets/222400256379219119", "manufacturer": ""}, {"description": "design premium cs3 3 mac ed 1u", "title": "adobe cs3 design premium macosx dvd", "price": "599", "source": "amazon", "id": "b000ub66ha", "manufacturer": "adobe"}], [{"description": "compatible with peachtree(r) accounting for windows versions 3.5-7.0 software.", "title": "peachtree(r) compatible continuous checks-accounting for windows versions 3.5-7.0", "price": "91.59", "source": "google", "id": "http://www.google.com/base/feeds/snippets/7474373712919833091", "manufacturer": ""}, {"description": "compatible with peachtree(r) accounting for windows versions 3.5-7.0 software.laser check form size: 8 1/2in. x 11in. 1 check per sheet.", "title": "peachtree(r) compatible laser checks-accounting for windows versions 3.5-7.0", "price": "106.29", "source": "google", "id": "http://www.google.com/base/feeds/snippets/6075515533589426153", "manufacturer": ""}]]}