{ "_id" : "AK", "value" : { "statePop" : 85353, "cityCount" : 52, "processed" : 54, "cities" : [    "KIVALINA",     "KOBUK",    "KOTZEBUE",     "KOYUK",    "DENALI NATIONAL",  "MANLEY HOT SPRIN",     "LAKE MINCHUMINA",  "MINTO",    "POINT LAY",    "NENANA",   "NOATAK",   "GOLOVIN",  "NOORVIK",  "NULATO",   "POINT HOPE",   "RAMPART",  "RUBY",     "SAVOONGA",     "SELAWIK",  "SHAKTOOLIK",   "SHISHMAREF",   "SHUNGNAK",     "STEVENS VILLAGE",  "TANANA",   "TELLER",   "BORDER",   "VENETIE",  "WAINWRIGHT",   "WALES",    "WHITE MOUNTAIN",   "BREVIG MISSION",   "AMBLER",   "CHALKYITSIK",  "NUIQSUT",  "JUNEAU",   "ANGOON",   "DOUGLAS",  "GUSTAVUS",     "HAINES",   "HOONAH",   "PETERSBURG",   "SITKA",    "SKAGWAY",  "KETCHIKAN",    "THORNE BAY",   "CRAIG",    "HYDABURG",     "HYDER", "KLAWOCK",     "METLAKATLA",   "POINT BAKER",  "WRANGELL" ], "avgPop" : 1641.4038461538462 } }
{ "_id" : "AL", "value" : { "statePop" : 662669, "cityCount" : 85, "processed" : 101, "cities" : [  "SEMMES",   "SILVERHILL",   "STOCKTON",     "SUMMERDALE",   "THEODORE",     "TIBBIE",   "VINEGAR BEND",     "WAGARVILLE",   "WALKER SPRINGS",   "WILMER",   "MOBILE",   "PRICHARD",     "CHICKASAW",    "EIGHT MILE",   "BROOKLEY FIELD",   "SELMA",    "ALBERTA",  "ARLINGTON",    "CAMDEN",   "CAMPBELL",     "CATHERINE",    "DEMOPOLIS",    "DIXONS MILLS",     "FAUNSDALE",    "FORKLAND",     "GALLION",  "GREENSBORO",   "LINDEN",   "JONES",    "MAPLESVILLE",  "LOWER PEACH TREE",     "BURKVILLE",    "MAGNOLIA",     "MARION",   "PLANTERSVILLE",    "MARION JUNCTION",  "BOYS RANCH",   "MORVIN",   "NEWBERN",  "ORRVILLE",     "PINE APPLE",   "PINE HILL",    "PRAIRIE",  "SAFFORD",  "SARDIS",   "SAWYERVILLE",  "SPROTT",   "SWEET WATER",  "THOMASTON",    "THOMASVILLE",  "BENTON",   "UNIONTOWN",    "STANTON",  "RANDOLPH",     "LAWLEY",   "OPELIKA",  "AUBURN",   "CAMP HILL",    "CUSSETA",  "DADEVILLE",    "VALLEY",   "FIVE POINTS",  "HATCHECHUBBEE",    "HURTSBORO",    "JACKSONS GAP",     "LAFAYETTE",    "LANETT",   "NOTASULGA",    "PHENIX CITY",  "PITTSVIEW",    "SALEM",    "SEALE",    "SMITHS",   "WAVERLY",  "BUTLER",   "CUBA",     "GILBERTOWN",   "JACHIN",   "LISMAN",   "NEEDHAM",  "PENNINGTON",   "SILAS",    "TOXEY",    "WARD",     "YORK" ], "avgPop" : 7796.105882352941 } }
{ "_id" : "AR", "value" : { "statePop" : 30471, "cityCount" : 1, "processed" : 2, "cities" : [  "TEXARKANA" ], "avgPop" : 30471 } }
{ "_id" : "AZ", "value" : { "statePop" : 81927, "cityCount" : 14, "processed" : 15, "cities" : [    "MOHAVE VALLEY",    "DOLAN SPRINGS",    "BULLHEAD CITY",    "MEADVIEW",     "CHAMBERS",     "CHINLE",   "GANADO",   "LUKACHUKAI",   "NAVAJO",   "PINON",    "TEEC NOS POS", "DENNEHOTSO",   "MANY FARMS",   "TSAILE" ], "avgPop" : 5851.928571428572 } }
{ "_id" : "CA", "value" : { "statePop" : 51401, "cityCount" : 9, "processed" : 11, "cities" : [     "PENINSULA VILLAG",     "CARNELIAN BAY",    "HOMEWOOD",     "TAHOMA",   "KINGS BEACH",  "TAHOE CITY",   "TAHOE VISTA",  "SOUTH LAKE TAHOE",     "TRUCKEE" ], "avgPop" : 5711.222222222223 } }
{ "_id" : "CO", "value" : { "statePop" : 209893, "cityCount" : 52, "processed" : 56, "cities" : [   "CEDAREDGE",    "CRAWFORD",     "DELTA",    "ECKERT",   "HOTCHKISS",    "NATURITA",     "NORWOOD",  "NUCLA",    "OLATHE",   "OPHIR",    "OURAY",    "PAONIA",   "PLACERVILLE",  "REDVALE",  "RIDGWAY",  "SILVERTON",    "SOMERSET",     "TELLURIDE",    "GRAND JUNCTION",   "FRUITVALE",    "CLIFTON",  "FRUITA",   "GATEWAY",  "LOMA",     "MACK",     "PALISADE",     "WHITEWATER",   "GLENWOOD SPRINGS",     "DINOSAUR",     "ASPEN",    "BASALT",   "MARBLE",   "COLLBRAN",     "CRAIG",    "DE BEQUE",     "EAGLE",    "ELK SPRINGS",  "BATTLEMENT MESA",  "GYPSUM",   "HAMILTON",     "HAYDEN",   "MAYBELL",  "MEEKER",   "MEREDITH",     "MESA",     "NEW CASTLE",   "RANGELY",  "RIFLE",    "SILT",     "SLATER",   "SNOWMASS",     "VAIL" ], "avgPop" : 4036.403846153846 } }
{ "_id" : "CT", "value" : { "statePop" : 1018417, "cityCount" : 57, "processed" : 79, "cities" : [  "HAMDEN",   "NEW HAVEN",    "BETHANY",  "WOODBRIDGE",   "BRIDGEPORT",   "TRUMBULL",     "EASTON",   "WATERBURY",    "PROSPECT",     "WOLCOTT",  "BANTAM",   "BETHLEHEM",    "BRIDGEWATER",  "WARREN",   "GAYLORDSVILLE",    "GOSHEN",   "KENT",     "LAKESIDE",     "LITCHFIELD",   "MIDDLEBURY",   "MORRIS",   "NAUGATUCK",    "NEW MILFORD",  "NEW PRESTON MARB",     "NORTHFIELD",   "OAKVILLE",     "PLYMOUTH",     "ROXBURY",  "SHERMAN",  "SOUTH KENT",   "TERRYVILLE",   "THOMASTON",    "TORRINGTON",   "HARWINTON",    "WASHINGTON DEPOT",     "WATERTOWN",    "WEST CORNWALL",    "WOODBURY",     "BETHEL",   "BROOKFIELD",   "COS COB",  "DANBURY",  "NEW FAIRFIELD",    "DARIEN",   "BYRAM",    "GREENWICH",    "NEW CANAAN",   "NORWALK",  "OLD GREENWICH",    "RIDGEFIELD",   "RIVERSIDE",    "WESTPORT",     "WESTON",   "WEST REDDING",     "WILTON",   "STAMFORD",     "RIDGEWAY" ], "avgPop" : 17866.964912280702 } }
{ "_id" : "DC", "value" : { "statePop" : 606900, "cityCount" : 2, "processed" : 24, "cities" : [  "WASHINGTON",  "PENTAGON" ], "avgPop" : 303450 } }
{ "_id" : "DE", "value" : { "statePop" : 140950, "cityCount" : 22, "processed" : 24, "cities" : [   "FRANKFORD",    "FREDERICA",    "GEORGETOWN",   "GREENWOOD",    "HARBESON",     "HARRINGTON",   "HARTLY",   "HOUSTON",  "LAUREL",   "LEWES",    "LINCOLN",  "MAGNOLIA",     "MILFORD",  "MARYDEL",  "LONG NECK",    "MILLVILLE",    "MILTON",   "DEWEY BEACH",  "SEAFORD",  "SELBYVILLE",   "SMYRNA",   "VIOLA" ], "avgPop" : 6406.818181818182 } }
{ "_id" : "FL", "value" : { "statePop" : 343615, "cityCount" : 15, "processed" : 34, "cities" : [   "OKAHUMPKA",    "SAINT CLOUD",  "WILDWOOD",     "WINDERMERE",   "WINTER GARDEN",    "HAINES CREEK",     "YALAHA",   "FORT PIERCE",  "PORT SAINT LUCIE",     "INDIANTOWN",   "JENSEN BEACH", "BASINGER",     "OKEECHOBEE",   "PALM CITY",    "STUART" ], "avgPop" : 22907.666666666668 } }
{ "_id" : "GA", "value" : { "statePop" : 244259, "cityCount" : 24, "processed" : 30, "cities" : [   "CUSSETA",  "ELLAVILLE",    "ELLERSLIE",    "FORTSON",  "HAMILTON",     "JUNCTION CITY",    "LUMPKIN",  "MANCHESTER",   "MIDLAND",  "OMAHA",    "PINE MOUNTAIN",    "PINE MOUNTAIN VA",     "PRESTON",  "RICHLAND",     "SHILOH",   "TALBOTTON",    "UPATOI",   "WARM SPRINGS",     "WAVERLY HALL",     "WESTON",   "WEST POINT",   "WOODLAND",     "COLUMBUS",     "CUSTER TERRACE" ], "avgPop" : 10177.458333333334 } }
{ "_id" : "IL", "value" : { "statePop" : 130, "cityCount" : 1, "processed" : 2, "cities" : [  "SAINT MARY" ], "avgPop" : 130 } }
{ "_id" : "LA", "value" : { "statePop" : 20569, "cityCount" : 6, "processed" : 7, "cities" : [  "SIKES",  "TIOGA",  "TULLOS",  "WINNFIELD",  "WOODWORTH",  "ZWOLLE" ], "avgPop" : 3428.1666666666665 } }
{ "_id" : "NY", "value" : { "statePop" : 329, "cityCount" : 1, "processed" : 2, "cities" : [  "FISHERS ISLAND" ], "avgPop" : 329 } }
{ "_id" : "HI", "value" : { "statePop" : 1108229, "cityCount" : 70, "processed" : 80, "cities" : [  "AIEA",     "CAPTAIN COOK",     "ELEELE",   "EWA BEACH",    "KAPOLEI",  "HAIKU",    "HAKALAU",  "HALEIWA",  "HANA",     "HANAPEPE",     "HAUULA",   "HAWAII NATIONAL",  "HAWI",     "HILO",     "PRINCEVILLE",  "HOLUALOA",     "HONAUNAU",     "HONOKAA",  "HONOMU",   "HOOLEHUA",     "KAAAWA",   "KAHULUI",  "KAILUA",   "KAILUA KONA",  "KALAUPAPA",    "KAMUELA",  "KANEOHE",  "KAPAA",    "KAUMAKANI",    "KAUNAKAKAI",   "KEAAU", "KEALAKEKUA",  "KEKAHA",   "KIHEI",    "KAPAAU",   "KOLOA",    "KUALAPUU",     "KURTISTOWN",   "LAHAINA",  "LAIE",     "LANAI CITY",   "LAUPAHOEHOE",  "LIHUE",    "MAKAWAO",  "MAKAWELI",     "MAUNALOA",     "MOUNTAIN VIEW",    "NAALEHU",  "NINOLE",   "OOKALA",   "PAAUHAU",  "PAAUILO",  "PAHALA",   "PAHOA",    "PAIA",     "PAPAALOA",     "PAPAIKOU",     "PEARL CITY",   "PEPEEKEO",     "VOLCANO",  "WAHIAWA",  "MILILANI",     "KULA",     "WAIALUA",  "WAIANAE",  "WAILUKU",  "WAIMANALO",    "WAIMEA",   "WAIPAHU",  "HONOLULU" ], "avgPop" : 15831.842857142858 } }
{ "_id" : "IA", "value" : { "statePop" : 215468, "cityCount" : 31, "processed" : 36, "cities" : [   "BRYANT",   "CALAMUS",  "CAMANCHE",     "CHARLOTTE",    "CLINTON",  "COLUMBUS JUNCTIO",     "CONESVILLE",   "DE WITT",  "BIG ROCK",     "DONAHUE",  "DURANT",   "ELDRIDGE",     "GOOSE LAKE",   "GRAND MOUND",  "LE CLAIRE",    "LETTS",    "LONE TREE",    "LONG GROVE",   "MOSCOW",   "MUSCATINE",    "NEW LIBERTY",  "NICHOLS",  "PRINCETON",    "STOCKTON",     "TIPTON",   "WALCOTT",  "WELTON",   "WEST LIBERTY",     "WHEATLAND",    "WILTON",   "DAVENPORT" ], "avgPop" : 6950.580645161291 } }
{ "_id" : "ID", "value" : { "statePop" : 144447, "cityCount" : 39, "processed" : 40, "cities" : [   "COCOLALLA",    "COEUR D ALENE",    "COOLIN",   "OLD TOWN",     "DEARY",    "DESMET",   "ELK RIVER",    "FERNWOOD",     "GENESEE",  "HARRISON",     "HARVARD",  "HAYDEN LAKE",  "HOPE",     "KELLOGG",  "KINGSTON",     "MEDIMONT",     "MOSCOW",   "MOYIE SPRINGS",    "MULLAN",   "NAPLES",   "NORDMAN",  "PINEHURST",    "PLUMMER",  "PORTHILL",     "POST FALLS",   "POTLATCH",     "PRIEST RIVER",     "PRINCETON",    "RATHDRUM",     "SAGLE",    "SAINT MARIES",     "SANDPOINT",    "SMELTERVILLE",     "SPIRIT LAKE",  "TENSED",   "TROY",     "VIOLA",    "WALLACE",  "WORLEY" ], "avgPop" : 3703.769230769231 } }
{ "_id" : "IN", "value" : { "statePop" : 109306, "cityCount" : 37, "processed" : 38, "cities" : [   "COVINGTON",    "CRAWFORDSVILLE",   "DARLINGTON",   "EARL PARK",    "FAIR OAKS",    "FOWLER",   "FRANCESVILLE",     "GOODLAND",     "HILLSBORO",    "IDAVILLE",     "KENTLAND",     "CATES", "LADOGA",  "LINDEN",   "MEDARYVILLE",  "MONON",    "MONTICELLO",   "MOROCCO",  "NEW RICHMOND",     "NEW ROSS",     "OTTERBEIN",    "OXFORD",   "PERRYSVILLE",  "PINE VILLAGE",     "REMINGTON",    "COLLEGEVILLE",     "REYNOLDS",     "ROMNEY",   "TANGIER",  "VEEDERSBURG",  "WAVELAND",     "WAYNETOWN",    "WEST LEBANON",     "WESTPOINT",    "MARSHFIELD",   "WINGATE",  "WOLCOTT" ], "avgPop" : 2954.2162162162163 } }
{ "_id" : "KS", "value" : { "statePop" : 151212, "cityCount" : 68, "processed" : 69, "cities" : [   "GRINNELL",     "HERNDON",  "HOXIE",    "KANORADO",     "LEVANT",   "LUDELL",   "MC DONALD",    "MONUMENT",     "OAKLEY",   "OBERLIN",  "PARK",     "QUINTER",  "MENLO", "RUSSELL SPRINGS",     "WHEELER",  "SELDEN",   "SHARON SPRINGS",   "STUDLEY",  "WALLACE",  "WESKAN",   "WINONA",   "DODGE CITY",   "ASHLAND",  "BUCKLIN",  "CIMARRON",     "COPELAND",     "DEERFIELD",    "ALAMOTA",  "ENGLEWOOD",    "ENSIGN",   "FORD",     "FORT DODGE",   "FOWLER",   "GARDEN CITY",  "HANSTON",  "HEALY",    "HOLCOMB",  "INGALLS",  "JETMORE",  "JOHNSON",  "KALVESTA",     "KENDALL",  "KINGSDOWN",    "KISMET",   "LAKIN",    "LEOTI",    "MANTER",   "MODOC",    "MEADE",    "BLOOM",    "MONTEZUMA",    "PIERCEVILLE",  "PLAINS",   "SATANTA",  "FRIEND",   "SHIELDS",  "SPEARVILLE",   "SUBLETTE",     "SYRACUSE",     "TRIBUNE",  "ULYSSES",  "WRIGHT",   "LIBERAL",  "ELKHART",  "HUGOTON",  "MOSCOW",   "RICHFIELD",    "ROLLA" ], "avgPop" : 2223.705882352941 } }
{ "_id" : "KY", "value" : { "statePop" : 189406, "cityCount" : 54, "processed" : 55, "cities" : [   "JAMESTOWN",    "PUEBLO",   "PARKERS LAKE", "HOLLYHILL",    "REVELO",   "ROCKYBRANCH",  "WEBBS CROSS ROAD",     "SAWYER",   "STEARNS",  "STRUNK",   "WIBORG",   "WINDY",    "E TOWN",   "BAKERTON",     "BIG CLIFTY",   "BONNIEVILLE",  "BOW",  "BREEDING",     "BUFFALO",  "BURKESVILLE",  "CAMPBELLSVILLE",   "CANEYVILLE",   "CANMER",   "CASEY CREEK",  "STEPHENSBURG",     "WAX",  "MONTPELIER",   "CUB RUN",  "CUNDIFF",  "DUBRE",    "E VIEW",   "ELK HORN",     "FAIRPLAY",     "FINLEY",   "GLENDALE",     "GLENS FORK",   "GRADYVILLE",   "GREENSBURG",   "HARDYVILLE",   "HODGENVILLE",  "HORSE CAVE",   "KETTLE",   "KNIFLEY",  "SADLER",   "MAGNOLIA",     "MILLTOWN",     "MILLWOOD",     "MOUNT SHERMAN",    "MUNFORDVILLE",     "PEYTONSBURG",  "SONORA",   "SUMMERSVILLE",     "UPTON",    "WHITE MILLS" ], "avgPop" : 3507.5185185185187 } }
{ "_id" : "MA", "value" : { "statePop" : 661952, "cityCount" : 64, "processed" : 75, "cities" : [   "OTIS A F B",   "WOODS HOLE",   "NANTUCKET",    "NORTH FALMOUTH",   "POCASSET",     "SANDWICH",     "VINEYARD HAVEN",   "WAREHAM",  "WEST TISBURY",     "WEST WAREHAM",     "WEST YARMOUTH",    "BARNSTABLE",   "BREWSTER",     "CENTERVILLE",  "SOUTH CHATHAM",    "COTUIT",   "DENNIS",   "DENNIS PORT",  "EASTHAM",  "FORESTDALE",   "HARWICH",  "HARWICH PORT",     "MARSTONS MILLS",   "MASHPEE",  "NORTH CHATHAM",    "NORTH TRURO",  "ORLEANS",  "OSTERVILLE",   "PROVINCETOWN",     "SOUTH DENNIS",     "BASS RIVER",   "TRURO",    "WELLFLEET",    "WEST BARNSTABLE",  "WEST DENNIS",  "WEST HARWICH",     "YARMOUTH PORT",    "ASSONET",  "ATTLEBORO",    "CUTTYHUNK",    "DIGHTON",  "EAST FREETOWN",    "EAST TAUNTON",     "FAIRHAVEN",    "FALL RIVER",   "SOMERSET",     "MARION",   "MATTAPOISETT",     "NEW BEDFORD",  "ACUSHNET",     "NORTH DARTMOUTH",  "PADANARAM VILLAG",     "NORTH ATTLEBORO",  "PLAINVILLE",   "NORTH DIGHTON",    "NORTON",   "RAYNHAM",  "REHOBOTH",     "ROCHESTER",    "SEEKONK",  "SWANSEA",  "BERKLEY",  "TAUNTON",  "WESTPORT" ], "avgPop" : 10343 } }
{ "_id" : "MD", "value" : { "statePop" : 339203, "cityCount" : 67, "processed" : 68, "cities" : [   "MIDDLETOWN",   "MONROVIA",     "MOUNT AIRY",   "MYERSVILLE",   "NEW WINDSOR",  "POINT OF ROCKS",   "ROCKY RIDGE",  "ROHRERSVILLE",     "SABILLASVILLE",    "SHARPSBURG",   "SMITHSBURG",   "CARROLLTOWNE",     "TANEYTOWN",    "GRACEHAM",     "TUSCARORA",    "UNIONVILLE",   "WALKERSVILLE",     "WEST FRIENDSHIP",  "WILLIAMSPORT",     "WOODBINE",     "WOODSBORO",    "SALISBURY",    "BERLIN",   "BISHOPVILLE",  "BIVALVE",  "CHANCE",   "CRISFIELD",    "DAMES QUARTER",    "DEAL ISLAND",  "EDEN",     "EWELL",    "FRUITLAND",    "GIRDLETREE",   "HEBRON",   "LINKWOOD",     "MARDELA SPRINGS",  "MARION STATION",   "NANTICOKE",    "NEWARK",   "OCEAN CITY",   "PARSONSBURG",  "PITTSVILLE",   "POCOMOKE CITY",    "PRINCESS ANNE",    "QUANTICO",     "SNOW HILL",    "STOCKTON",     "TYASKIN",  "TYLERTON",     "VIENNA",   "WENONA",   "WESTOVER",     "WHALEYSVILLE",     "WILLARDS",     "DELMAR",   "NORTH EAST",   "PERRYVILLE",   "BAINBRIDGE",   "RISING SUN",   "WARWICK",  "CECILTON",     "CHARLESTOWN",  "CHESAPEAKE CITY",  "COLORA",   "CONOWINGO",    "EARLEVILLE",   "ELKTON" ], "avgPop" : 5062.731343283582 } }
{ "_id" : "ME", "value" : { "statePop" : 173360, "cityCount" : 71, "processed" : 72, "cities" : [   "NORTH HAVEN",  "OWLS HEAD",    "ROCKPORT",     "SAINT GEORGE",     "SOUTH THOMASTON",  "SPRUCE HEAD",  "TENANTS HARBOR",   "THOMASTON",    "UNION",    "VINALHAVEN",   "WARREN",   "WEST ROCKPORT",    "WINSLOW",  "ALBION",   "ANSON",    "ATHENS",   "BELFAST",  "BELGRADE",     "BELGRADE LAKES",   "BINGHAM",  "BROOKS",   "BURNHAM",  "CAMBRIDGE",    "CANAAN",   "CARATUNK",     "CLINTON",  "CORINNA",  "DETROIT",  "DEXTER",   "DIXMONT",  "EUSTIS",   "BENTON STATION",   "FARMINGTON",   "FREEDOM",  "WELLINGTON",   "HARTLAND",     "JACKMAN",  "KINGFIELD",    "LIBERTY",  "MADISON",  "MONROE",   "MORRILL",  "NEWPORT",  "NEW PORTLAND",     "NEW SHARON",   "NEW VINEYARD",     "NORRIDGEWOCK", "NORTH ANSON",  "NORTH NEW PORTLA",     "NORTH VASSALBORO",     "OAKLAND",  "PALMYRA",  "PHILLIPS",     "PITTSFIELD",   "PLYMOUTH",     "RANGELEY",     "SAINT ALBANS",     "SEARSMONT",    "SEARSPORT",    "SKOWHEGAN",    "SMITHFIELD",   "SOLON",    "STOCKTON SPRINGS",     "STRATTON",     "STRONG",   "TEMPLE",   "WEST FORKS",   "THORNDIKE",    "TROY",     "UNITY",    "VASSALBORO" ], "avgPop" : 2441.6901408450703 } }
{ "_id" : "MI", "value" : { "statePop" : 19761, "cityCount" : 13, "processed" : 14, "cities" : [    "LANSE",    "MARENISCO",    "MASS CITY",    "EAGLE HARBOR",     "NISULA",   "ONTONAGON",    "PELKIE",   "SKANEE",   "TOIVOLA",  "TROUT CREEK",  "WAKEFIELD",    "WATERSMEET",   "WATTON" ], "avgPop" : 1520.076923076923 } }
{ "_id" : "MN", "value" : { "statePop" : 46690, "cityCount" : 33, "processed" : 34, "cities" : [    "EAST GRAND FORKS",     "EUCLID",   "FISHER",   "GATZKE",   "GOODRIDGE",    "GREENBUSH",    "GRYGLA",   "HALLOCK",  "HALMA",    "KARLSTAD",     "KENNEDY",  "LAKE BRONSON", "ORLEANS",  "MENTOR",   "MIDDLE RIVER",     "NEWFOLDEN",    "NOYES",    "OAK ISLAND",   "OKLEE",    "OSLO",     "PLUMMER",  "RED LAKE FALLS",   "PENCER",   "SAINT HILAIRE",    "SAINT VINCENT",    "SALOL",    "STEPHEN",  "STRANDQUIST",  "STRATHCONA",   "VIKING",   "WANNASKA",     "RADIUM",   "WARROAD" ], "avgPop" : 1414.8484848484848 } }
{ "_id" : "MO", "value" : { "statePop" : 273174, "cityCount" : 47, "processed" : 54, "cities" : [   "BRANSON WEST",     "REPUBLIC",     "RIDGEDALE",    "ROCKAWAY BEACH",   "ROGERSVILLE",  "RUETER",   "SELIGMAN",     "SEYMOUR",  "SHELL KNOB",   "SOUTH GREENFIELD",     "SPARTA",   "SPOKANE",  "SQUIRES",  "STOTTS CITY",  "STRAFFORD",    "SYCAMORE",     "TANEYVILLE",   "TECUMSEH",     "DUGGINSVILLE",     "NOTTINGHILL",  "TUNAS",    "UDALL",    "URBANA",   "VANZANT",  "VERONA",   "WALNUT GROVE",     "WALNUT SHADE",     "WASHBURN",     "SOUDER",   "WEAUBLEAU",    "WEST PLAINS",  "SOUTH FORK",   "MOODY",    "MYRTLE",   "WHEATLAND",    "WILLARD",  "WINDYVILLE",   "ZANONI",   "STOCKTON",     "MACKS CREEK",  "ROACH",    "PEACE VALLEY",     "POMONA",   "POTTERSVILLE",     "THAYER",   "WILLOW SPRINGS",   "SPRINGFIELD" ], "avgPop" : 5812.212765957447 } }
{ "_id" : "MS", "value" : { "statePop" : 256623, "cityCount" : 44, "processed" : 46, "cities" : [   "CROSBY",   "GLOSTER",  "JAYESS",   "KOKOMO",   "LIBERTY",  "MC CALL CREEK",    "MC COMB",  "MAGNOLIA",     "MEADVILLE",    "MONTICELLO",   "OAK VALE",     "OSYKA",    "ROXIE",    "RUTH",     "SILVER CREEK",     "SMITHDALE",    "SONTAG",   "SUMMIT",   "TYLERTOWN",    "UNION CHURCH",     "WOODVILLE",    "COLUMBUS",     "ABERDEEN",     "ACKERMAN",     "BROOKSVILLE",  "CALEDONIA",    "CEDARBLUFF",   "CRAWFORD",     "TOMNOLEN",     "FRENCH CAMP",  "HAMILTON",     "KILMICHAEL",   "MABEN",    "MANTEE",   "MATHISTON",    "PHEBA",    "PRAIRIE",  "SESSUMS",  "STEENS",   "STEWART",  "STURGIS",  "WEIR",     "WEST POINT",   "WOODLAND" ], "avgPop" : 5832.340909090909 } }
{ "_id" : "MT", "value" : { "statePop" : 86006, "cityCount" : 22, "processed" : 23, "cities" : [    "THOMPSON FALLS",   "TROUT CREEK",  "VICTOR",   "EVERGREEN",    "BIG ARM",  "SWAN LAKE",    "COLUMBIA FALLS",   "DAYTON",   "ELMO",     "ESSEX",    "EUREKA",   "KILA", "LAKESIDE",     "LIBBY",    "MARION",   "POLEBRIDGE",   "PROCTOR",  "REXFORD",  "ROLLINS",  "SOMERS",   "TROY",     "WHITEFISH" ], "avgPop" : 3909.3636363636365 } }
{ "_id" : "NC", "value" : { "statePop" : 314846, "cityCount" : 40, "processed" : 45, "cities" : [   "HORSE SHOE",   "HOT SPRINGS",  "LAKE JUNALUSKA",   "LAKE LURE",    "LAKE TOXAWAY",     "LEICESTER",    "MAGGIE VALLEY",    "MARION",   "WALNUT",   "MARS HILL",    "MILL SPRING",  "NEBO",     "OLD FORT",     "OTTO",     "PENROSE",  "PISGAH FOREST",    "ROBBINSVILLE",     "ROSMAN",   "SALUDA",   "SAPPHIRE",     "SCALY MOUNTAIN",   "SPRUCE PINE",  "WARREN WILSON CO",     "SYLVA",    "TAPOCO",   "TOPTON",   "TRYON",    "TUCKASEGEE",   "WAYNESVILLE",  "WEAVERVILLE",  "WHITTIER",     "ZIRCONIA",     "HENDERSONVILLE",   "ASHEVILLE",    "ANDREWS",  "BRASSTOWN",    "HAYESVILLE",   "MARBLE",   "UNAKA",    "WARNE" ], "avgPop" : 7871.15 } }
{ "_id" : "ND", "value" : { "statePop" : 7682, "cityCount" : 8, "processed" : 9, "cities" : [   "COLGAN",   "ALKABO",   "KEENE",    "WHEELOCK",     "TEMPLE",   "TRENTON",  "WATFORD CITY",     "ZAHL" ], "avgPop" : 960.25 } }
{ "_id" : "NE", "value" : { "statePop" : 86776, "cityCount" : 42, "processed" : 43, "cities" : [    "SUTHERLAND",   "BROWNLEE",     "TRYON",    "VENANGO",  "WALLACE",  "WELLFLEET",    "VALENTINE",    "AINSWORTH",    "CODY",     "CROOKSTON",    "JOHNSTOWN",    "KILGORE",  "LONG PINE",    "MERRIMAN",     "WOOD LAKE",    "ALLIANCE",     "ANGORA",   "ASHBY",    "BAYARD",   "BINGHAM",  "BRIDGEPORT",   "CHADRON",  "CRAWFORD",     "ELLSWORTH",    "GERING",   "GORDON",   "HARRISBURG",   "HARRISON",     "HAY SPRINGS",  "HEMINGFORD",   "HENRY",    "HYANNIS",  "LAKESIDE",     "LYMAN",    "MARSLAND",     "MINATARE",     "MITCHELL",     "MORRILL",  "RUSHVILLE",    "SCOTTSBLUFF",  "WHITMAN",  "WHITNEY" ], "avgPop" : 2066.095238095238 } }
{ "_id" : "NH", "value" : { "statePop" : 271968, "cityCount" : 61, "processed" : 62, "cities" : [   "WEST LEBANON",     "WOODSVILLE",   "NEWINGTON",    "ALTON",    "ALTON BAY",    "ATKINSON",     "BARTLETT",     "CENTER CONWAY",    "CENTER OSSIPEE",   "CENTER STRAFFORD",     "CENTER TUFTONBOR",     "CHOCORUA",     "CONWAY",   "DANVILLE",     "MADBURY",  "LEE",  "BARRINGTON",   "EAST HAMPSTEAD",   "SOUTH HAMPTON",    "EAST WAKEFIELD",   "BRENTWOOD",    "FARMINGTON",   "FREEDOM",  "GILMANTON IRON W",     "GLEN",     "GONIC",    "GREENLAND",    "HAMPSTEAD",    "HAMPTON",  "HAMPTON FALLS",    "INTERVALE",    "JACKSON",  "KINGSTON",     "MADISON",  "MILTON MILLS",     "MIRROR LAKE",  "NEW CASTLE",   "NEW DURHAM",   "NEWMARKET",    "NEWTON",   "NORTH CONWAY",     "NORTH HAMPTON",    "OSSIPEE",  "PLAISTOW",     "ROCHESTER",    "EAST ROCHESTER",   "ROLLINSFORD",  "RYE",  "SANBORNVILLE",     "SANDOWN",  "SEABROOK",     "SILVER LAKE",  "SOMERSWORTH",  "SOUTH EFFINGHAM",  "SOUTH TAMWORTH",   "STRAFFORD",    "STRATHAM",     "TAMWORTH",     "UNION",    "WEST OSSIPEE",     "WOLFEBORO" ], "avgPop" : 4458.491803278688 } }
{ "_id" : "NJ", "value" : { "statePop" : 334346, "cityCount" : 18, "processed" : 19, "cities" : [   "PERTH AMBOY",  "FORDS",    "ALPHA",    "PITTSTOWN",    "RARITAN",  "SAYREVILLE",   "SOMERSET",     "NORTH BRANCH",     "LAURENCE HARBOR",  "SOUTH BOUND BROO",     "SOUTH RIVER",  "SPOTSWOOD",    "STEWARTSVILLE",    "THREE BRIDGES",    "WHITEHOUSE STATI",     "NEW BRUNSWICK",    "NORTH BRUNSWICK",  "HIGHLAND PARK" ], "avgPop" : 18574.777777777777 } }
{ "_id" : "NM", "value" : { "statePop" : 323887, "cityCount" : 90, "processed" : 91, "cities" : [   "MIMBRES",  "SILVER CITY",  "CLOVIS",   "BROADVIEW",    "CAUSEY",   "CROSSROADS",   "ELIDA",    "FLOYD",    "FORT SUMNER",  "GRADY",    "HOUSE",    "LINGO",    "MELROSE",  "MILNESAND",    "PEP",  "PORTALES",     "ROGERS",   "SAINT VRAIN",  "TAIBAN",   "TEXICO",   "YESO",     "ROSWELL",  "ARTESIA",  "CAPROCK",  "CARLSBAD",     "DEXTER",   "EUNICE",   "HAGERMAN",     "HOBBS",    "HOPE",     "JAL",  "LAKE ARTHUR",  "LOVING",   "LOVINGTON",    "MALJAMAR",     "MONUMENT",     "OIL CENTER",   "TATUM",    "CARRIZOZO",    "ALAMOGORDO",   "BENT",     "CAPITAN",  "CLOUDCROFT",   "CORONA",   "ENCINO",   "GLENCOE",  "HOLLOMAN AIR FOR",     "HONDO",    "LA LUZ",   "LINCOLN",  "MAYHILL",  "MESCALERO",    "NOGAL",    "PICACHO",  "PINON",    "RUIDOSO",  "RUIDOSO DOWNS",    "SACRAMENTO",   "SAN PATRICIO",     "TINNIE",   "TULAROSA",     "VAUGHN",   "WEED",     "TUCUMCARI",    "AMISTAD",  "BARD",     "BUEYEROS",     "CAPULIN",  "CLAYTON",  "CONCHAS DAM",  "CUERVO",   "DES MOINES",   "FOLSOM",   "GARITA",   "GLADSTONE",    "GRENVILLE",    "LOGAN",    "MC ALISTER",   "MOUNT DORA",   "NARA VISA",    "NEWKIRK",  "PUERTO DE LUNA",   "QUAY",     "SAN JON",  "PASTURA",  "SEDAN",    "SENECA",   "STEAD", "TREMENTINA",  "BELL RANCH" ], "avgPop" : 3598.7444444444445 } }
{ "_id" : "NV", "value" : { "statePop" : 1113545, "cityCount" : 57, "processed" : 95, "cities" : [  "LAUGHLIN",     "NORTH LAS VEGAS",  "OVERTON",  "PAHRUMP",  "PIOCHE",   "ROUND MOUNTAIN",   "COTTONWOOD COVE",  "SILVERPEAK",   "TONOPAH",  "LAS VEGAS",    "ELY",  "AUSTIN",   "BAKER",    "EUREKA",   "LUND",     "DAYTON",   "DENIO",    "EMPIRE",   "FALLON",   "FERNLEY",  "GABBS",    "GARDNERVILLE",     "GERLACH",  "GLENBROOK",    "GOLCONDA",     "HAWTHORNE",    "UNIONVILLE",   "LOVELOCK",     "LUNING",   "MINDEN",   "NIXON", "OROVADA",     "PARADISE VALLEY",  "SCHURZ",   "SILVER SPRINGS",   "SMITH",    "SPARKS",   "SUN VALLEY",   "VIRGINIA CITY",    "WADSWORTH",    "WELLINGTON",   "WINNEMUCCA",   "YERINGTON",    "INCLINE VILLAGE",  "RENO",     "CARSON CITY",  "MOUNDHOUSE",   "JIGGS",    "BATTLE MOUNTAIN",  "BEOWAWE",  "CARLIN",   "DEETH",    "JACKPOT",  "MOUNTAIN CITY",    "RUBY VALLEY",  "TUSCARORA",    "OASIS" ], "avgPop" : 19535.877192982458 } }
{ "_id" : "OH", "value" : { "statePop" : 360121, "cityCount" : 59, "processed" : 62, "cities" : [   "WINGETT RUN",  "LIMA",     "CRIDERSVILLE", "ELIDA",    "ADA",  "ALGER",    "ANTWERP",  "ARLINGTON",    "BLUFFTON",     "CECIL",    "CARTHAGENA",   "CLOVERDALE",   "COLDWATER",    "COLUMBUS GROVE",   "CONTINENTAL",  "CONVOY",   "DELPHOS",  "DOLA",     "DUNKIRK",  "FINDLAY",  "JENERA",   "PATTERSON",    "FORT JENNINGS",    "FORT LORAMIE",     "FORT RECOVERY",    "GROVER HILL",  "HARROD",   "HAVILAND",     "LEIPSIC",  "MC COMB",  "MARIA STEIN",  "MENDON",   "MIDDLE POINT",     "MINSTER",  "MOUNT BLANCHARD",  "MOUNT CORY",   "NEW BREMEN",   "NEW KNOXVILLE",    "NORTH BALTIMORE",  "OAKWOOD",  "OHIO CITY",    "GILBOA",   "OTTOVILLE",    "PANDORA",  "PAULDING",     "PAYNE",    "RAWSON",   "ROCKFORD",     "SAINT HENRY",  "SAINT MARYS",  "SCOTT",    "SPENCERVILLE",     "VAN BUREN",    "VANLUE",   "VAN WERT",     "VENEDOCIA",    "WAPAKONETA",   "WAYNESFIELD",  "WILLSHIRE" ], "avgPop" : 6103.745762711865 } }
{ "_id" : "OK", "value" : { "statePop" : 280648, "cityCount" : 69, "processed" : 70, "cities" : [   "VALLIANT",     "WRIGHT CITY",  "SHAWNEE",  "ADA",  "AGRA",     "ALLEN",    "ASHER",    "ATWOOD",   "BOLEY",    "BYARS",    "CARNEY",   "CASTLE",   "CHANDLER",     "CLEARVIEW",    "DUSTIN",   "EARLSBORO",    "FITTSTOWN",    "FITZHUGH",     "VERNON",   "HOLDENVILLE",  "KONAWA",   "LAMAR",    "MC LOUD",  "MACOMB",   "MAUD",     "MEEKER",   "MILL CREEK",   "NEWALLA",  "BEARDEN",  "PADEN",    "PRAGUE",   "ROFF",     "SASAKWA",  "SEMINOLE",     "SPARKS",   "HARDEN CITY",  "STRATFORD",    "TECUMSEH",     "TRYON",    "WANETTE",  "WELEETKA",     "WELLSTON",     "WELTY",    "WETUMKA",  "NEW LIMA",     "ARKOMA",   "POCOLA",   "BOKOSHE",  "BUNCH",    "CAMERON",  "HEAVENER",     "HODGEN",   "HOWE",     "KEOTA",    "MCCURTAIN",    "MULDROW",  "MUSE",     "POTEAU",   "ROLAND",   "SALLISAW",     "SHADY POINT",  "OCTAVIA",  "SPIRO",    "STILWELL",     "VIAN",     "WATSON",   "WATTS",    "WESTVILLE",    "WISTER" ], "avgPop" : 4067.3623188405795 } }
{ "_id" : "OR", "value" : { "statePop" : 183624, "cityCount" : 74, "processed" : 75, "cities" : [   "PAULINA",  "POST",     "POWELL BUTTE", "PRINEVILLE",   "REDMOND",  "RILEY",    "BLACK BUTTE RANC",     "CROOKED RIVER RA",     "WARM SPRINGS",     "PENDLETON",    "ADAMS",    "ARLINGTON",    "ATHENA",   "MEDICAL SPRINGS",  "BOARDMAN",     "CANYON CITY",  "CONDON",   "COVE",     "DAYVILLE",     "ECHO",     "ELGIN",    "ENTERPRISE",   "KINZUA",   "FOX",  "HAINES",   "HALFWAY",  "HELIX",    "HEPPNER",  "HEREFORD",     "HERMISTON",    "LEXINGTON",    "IMBLER",   "IMNAHA",   "IONE",     "IRRIGON",  "JOHN DAY",     "JOSEPH",   "KIMBERLY",     "LA GRANDE",    "LONG CREEK",   "LOSTINE",  "MILTON FREEWATER",     "MONUMENT",     "MOUNT VERNON",     "NORTH POWDER",     "PILOT ROCK",   "PRAIRIE CITY",     "RICHLAND",     "RITTER",   "SENECA",   "SPRAY",    "STANFIELD",    "SUMMERVILLE",  "SUMPTER",  "MCNARY",   "UNION",    "UNITY", "WALLOWA",     "WESTON",   "ADRIAN",   "AROCK",    "BROGAN",   "DREWSEY",  "HARPER",   "HUNTINGTON",   "IRONSIDE",     "JAMIESON",     "JORDAN VALLEY",    "JUNTURA",  "NYSSA",    "ONTARIO",  "RIVERSIDE",    "VALE",     "WESTFALL" ], "avgPop" : 2481.4054054054054 } }
{ "_id" : "PA", "value" : { "statePop" : 833063, "cityCount" : 65, "processed" : 71, "cities" : [   "THORNDALE",    "THORNTON",     "TOUGHKENAMON", "WEST CHESTER",     "WEST GROVE",   "NORRISTOWN",   "EAGLEVILLE",   "BRIDGEPORT",   "KING OF PRUSSIA",  "PENLLYN",  "CHESTER SPRINGS",  "COLLEGEVILLE",     "WEST CONSHOHOCKE",     "FREDERICK",    "GWYNEDD",  "HARLEYSVILLE",     "HATFIELD",     "LAFAYETTE HILL",   "LANSDALE",     "MONT CLARE",   "NORTH WALES",  "PHOENIXVILLE",     "PLYMOUTH MEETING",     "SANATOGA",     "LIMERICK",     "SCHWENKSVILLE",    "SPRING CITY",  "SPRING HOUSE",     "ZIEGLERSVILLE",    "ADAMSTOWN",    "BALLY",    "BARTO",    "BECHTELSVILLE",    "BERNVILLE",    "BETHEL",   "BIRDSBORO",    "BLANDON",  "BOYERTOWN",    "DOUGLASSVILLE",    "ELVERSON",     "EVANSVILLE",   "GILBERTSVILLE",    "HAMBURG",  "KEMPTON",  "KUTZTOWN",     "LEESPORT",     "LENHARTSVILLE",    "MERTZTOWN",    "MOHNTON",  "MOHRSVILLE",   "MORGANTOWN",   "OLEY",     "PORT CLINTON",     "ROBESONIA",    "SHOEMAKERSVILLE",  "TEMPLE",   "TOPTON",   "WERNERSVILLE",     "WOMELSDORF",   "READING",  "MOUNT PENN",   "SHILLINGTON",  "SINKING SPRING",   "WEST LAWN",    "WYOMISSING" ], "avgPop" : 12816.353846153846 } }
{ "_id" : "RI", "value" : { "statePop" : 773079, "cityCount" : 29, "processed" : 44, "cities" : [   "OAKLAND",  "PASCOAG",  "PAWTUCKET",    "CENTRAL FALLS",    "CUMBERLAND",   "LINCOLN",  "PORTSMOUTH",   "PRUDENCE ISLAND",  "SAUNDERSTOWN",     "SLATERSVILLE",     "SLOCUM",   "TIVERTON",     "NARRAGANSETT",     "KINGSTON",     "PEACE DALE",   "WARREN",   "WARWICK",  "WESTERLY",     "RICHMOND",     "WEST WARWICK",     "WOOD RIVER JUNCT",     "NORTH SMITHFIELD",     "PROVIDENCE",   "CENTREDALE",   "CRANSTON",     "EAST PROVIDENCE",  "RIVERSIDE",    "RUMFORD",  "SMITHFIELD" ], "avgPop" : 26657.896551724138 } }
{ "_id" : "SC", "value" : { "statePop" : 761390, "cityCount" : 91, "processed" : 95, "cities" : [   "LONG CREEK",   "LOWNDESVILLE",     "MARIETTA",     "MAULDIN",  "MOUNTAIN REST",    "NINETY SIX",   "CATEECHEE",    "PELZER",   "PENDLETON",    "PICKENS",  "PIEDMONT",     "SALEM", "SENECA",  "SIMPSONVILLE",     "SIX MILE",     "STARR",    "SUNSET",   "TAMASSEE",     "TAYLORS",  "TIGERVILLE",   "TOWNVILLE",    "TRAVELERS REST",   "WALHALLA",     "WARE SHOALS",  "MADISON",  "WEST UNION",   "WILLIAMSTON",  "CHEROKEE FALLS",   "CATAWBA",  "CHESTER",  "CHESTERFIELD",     "LAKE WYLIE",   "EDGEMOOR",     "FORT LAWN",    "TEGA CAY",     "HICKORY GROVE",    "JEFFERSON",    "LANCASTER",    "MC CONNELLS",  "MOUNT CROGHAN",    "PAGELAND",     "RICHBURG",     "ROCK HILL",    "RUBY",     "SHARON",   "SMYRNA",   "YORK",     "AIKEN",    "NEW ELLENTON",     "ALLENDALE",    "BARNWELL",     "BLACKVILLE",   "BRADLEY",  "CLARKS HILL",  "EDGEFIELD",    "FAIRFAX",  "GRANITEVILLE",     "JACKSON",  "JOHNSTON",     "MC CORMICK",   "MARTIN",   "MODOC",    "MOUNT CARMEL",     "BEECH ISLAND",     "OLAR", "PLUM BRANCH",  "TRENTON",  "TROY",     "ULMER",    "WARRENVILLE",  "WILLISTON",    "WINDSOR",  "BURTON",   "BLUFFTON",     "BRUNSON",  "EARLY BRANCH",     "ESTILL",   "ST HELENA ISLAND",     "GARNETT",  "HAMPTON",  "HILTON HEAD ISLA",     "HARDEEVILLE",  "ISLANDTON",    "LURAY",    "PINELAND",     "PORT ROYAL",   "COOSAWATCHIE",     "SEABROOK",     "TILLMAN",  "VARNVILLE",    "YEMASSEE" ], "avgPop" : 8366.923076923076 } }
{ "_id" : "SD", "value" : { "statePop" : 24370, "cityCount" : 17, "processed" : 18, "cities" : [    "PROVO",    "COTTONWOOD",   "REDOWL",   "ROCHFORD",     "SAINT ONGE",   "SCENIC",   "SMITHWICK",    "SPEARFISH",    "HEREFORD",     "STONEVILLE",   "VALE",     "WALL",     "WASTA", "WHITE OWL",   "WHITEWOOD",    "WOUNDED KNEE",     "ZEONA" ], "avgPop" : 1433.5294117647059 } }
{ "_id" : "TN", "value" : { "statePop" : 336257, "cityCount" : 81, "processed" : 83, "cities" : [   "STANTONVILLE",     "SUGAR TREE",   "TOONE", "TRENTON",     "WESTPORT",     "WILDERSVILLE",     "YUMA",     "DENMARK",  "MERCER",   "COLUMBIA",     "CLIFTON",  "ARDMORE",  "COLLINWOOD",   "CULLEOKA",     "CYPRESS INN",  "DUCK RIVER",   "ETHRIDGE",     "FIVE POINTS",  "FRANKEWING",   "GOODSPRING",   "HAMPSHIRE",    "KIMMINS",  "IRON CITY",    "LAWRENCEBURG",     "LEOMA",    "LORETTO",  "LUTTS",    "LYNNVILLE",    "MINOR HILL",   "MOUNT PLEASANT",   "OLIVEHILL",    "PRIMM SPRINGS",    "PROSPECT",     "PULASKI",  "SAINT JOSEPH",     "SANTA FE",     "SUMMERTOWN",   "WAYNESBORO",   "WESTPOINT",    "WILLIAMSPORT",     "TAFT",     "ALGOOD",   "ALLARDT",  "ALLONS",   "ALLRED",   "ALPINE",   "BAXTER",   "BLOOMINGTON SPRI",     "BRUSH CREEK",  "BUFFALO VALLEY",   "BYRDSTOWN",    "CELINA",   "CHESTNUT MOUND",   "CLARKRANGE",   "CRAWFORD",     "FAIRFIELD GLADE",  "JAMESTOWN",    "DOYLE",    "ELMWOOD",  "GAINESBORO",   "GORDONSVILLE",     "GRANVILLE",    "GRIMSLEY",     "HICKMAN",  "HILHAM",   "LANCASTER",    "LIVINGSTON",   "MONROE",   "MONTEREY",     "MOSS",     "PALL MALL",    "PLEASANT HILL",    "QUEBECK",  "RICKMAN",  "BONE CAVE",    "SILVER POINT",     "RAVENSCROFT",  "SPENCER",  "WALLING",  "WHITLEYVILLE",     "WILDER" ], "avgPop" : 4151.320987654321 } }
{ "_id" : "TX", "value" : { "statePop" : 634259, "cityCount" : 24, "processed" : 42, "cities" : [   "VERHALEN",     "PYOTE",    "SHEFFIELD",    "STANTON",  "TARZAN",   "WINK",     "ANTHONY",  "ALPINE",   "BIG BEND NATIONA",     "CANUTILLO",    "CLINT",    "DELL CITY",    "FORT HANCOCK",     "MARATHON",     "MARFA",    "PRESIDIO",     "SALT FLAT",    "SIERRA BLANCA",    "TERLINGUA",    "VALENTINE",    "KENT",     "EL PASO",  "FORT BLISS",   "HORIZON CITY" ], "avgPop" : 26427.458333333332 } }
{ "_id" : "UT", "value" : { "statePop" : 136723, "cityCount" : 44, "processed" : 45, "cities" : [   "SALINA",   "GENOLA",   "SPANISH FORK", "SPRINGVILLE",  "MAPLETON",     "VENICE",   "ALTON",    "ANTIMONY",     "BEAVER",   "BERYL",    "BOULDER",  "BRYCE CANYON",     "BRIAN HEAD",   "PINTURA",  "CENTRAL",  "ESCALANTE",    "GARRISON",     "GLENDALE",     "GREENVILLE",   "HANKSVILLE",   "HURRICANE",    "JOSEPH",   "BIG WATER",    "KINGSTON",     "FREMONT",  "MARYSVALE",    "MILFORD",  "MODENA",   "AUSTIN",   "MOUNT CARMEL",     "NEWCASTLE",    "ORDERVILLE",   "PANGUITCH",    "PARAGONAH",    "PAROWAN",  "SEVIER",   "ST GEORGE",    "SUMMIT",   "TEASDALE",     "TORREY",   "WASHINGTON",   "PINE VALLEY",  "VEYO",     "DAMMERON VALLEY" ], "avgPop" : 3107.340909090909 } }
{ "_id" : "VT", "value" : { "statePop" : 9062, "cityCount" : 14, "processed" : 15, "cities" : [     "SUTTON",   "TROY",     "WEST BURKE",   "WEST CHARLESTON",  "WEST DANVILLE",    "WESTFIELD",    "WEST GLOVER",  "AVERILL",  "BEECHER FALLS",    "CANAAN",   "GILMAN",   "GUILDHALL",    "LUNENBURG",    "NORTON" ], "avgPop" : 647.2857142857143 } }
{ "_id" : "VA", "value" : { "statePop" : 438233, "cityCount" : 80, "processed" : 84, "cities" : [   "ROCKBRIDGE BATHS",     "SPOTTSWOOD",   "STUARTS DRAFT",    "SWOOPE",   "VERONA",   "VESUVIUS",     "BOLAR",    "WEST AUGUSTA",     "WEYERS CAVE",  "BURNSVILLE",   "LYNCHBURG",    "TIMBERLAKE",   "ALTAVISTA",    "ALTON",    "AMHERST",  "APPOMATTOX",   "BEDFORD",  "BIG ISLAND",   "BLAIRS",   "BROOKNEAL",    "BUFFALO JUNCTION",     "CALLANDS",     "CHATHAM",  "CLOVER",   "COLEMAN FALLS",    "CONCORD",  "CRYSTAL HILL",     "DANVILLE",     "DRY FORK",     "EVINGTON",     "FOREST",   "GLADSTONE",    "GLADYS",   "GLASGOW",  "GOODE",    "GRETNA",   "HALIFAX",  "HOWARDSVILLE", "HURT",     "JAVA",     "KEELING",  "LONG ISLAND",  "LOWRY",    "LYNCH STATION",    "MADISON HEIGHTS",  "MONROE",   "LENNIG",   "NATURAL BRIDGE",   "NATURAL BRIDGE S",     "NELSON",   "RINGGOLD",     "RUSTBURG",     "SCOTTSBURG",   "SCOTTSVILLE",  "SOUTH BOSTON",     "SPOUT SPRING",     "SUTHERLIN",    "INGRAM",   "VIRGILINA",    "WINGINA",  "BANDY",    "CONAWAY",  "BLUEFIELD",    "CEDAR BLUFF",  "FALLS MILLS",  "GRUNDY",   "HURLEY",   "JEWELL VALLEY",    "MAVISDALE",    "TIPTOP",   "PATTERSON",    "PILGRIMS KNOB",    "POUNDING MILL", "RAVEN",   "RICHLANDS",    "ROWE",     "SWORDS CREEK",     "TAZEWELL",     "VANSANT",  "WHITEWOOD" ], "avgPop" : 5477.9125 } }
{ "_id" : "WA", "value" : { "statePop" : 571132, "cityCount" : 46, "processed" : 59, "cities" : [   "NEWPORT",  "NORTHPORT",    "OAKESDALE",    "ODESSA",   "PALOUSE",  "PULLMAN",  "REPUBLIC",     "RICE",     "RITZVILLE",    "ROSALIA",  "SAINT JOHN",   "SPRINGDALE",   "THORNTON",     "UNIONTOWN",    "USK",  "VALLEY",   "WILBUR",   "SPOKANE",  "PASCO",    "BENTON CITY",  "BEVERLY",  "BICKLETON",    "COLLEGE PLACE",    "CONNELL",  "CUNNINGHAM",   "DAYTON",   "ELTOPIA",  "KENNEWICK",    "LIND",     "MESA",     "MATTAWA",  "PATERSON",     "PLYMOUTH",     "POMEROY",  "PRESCOTT",     "PROSSER",  "RICHLAND",     "ROOSEVELT",    "ROYAL CITY",   "LOWDEN",   "WAITSBURG",    "WALLA WALLA",  "WASHTUCNA",    "ANATONE",  "ASOTIN",   "CLARKSTON" ], "avgPop" : 12415.91304347826 } }
{ "_id" : "WI", "value" : { "statePop" : 400654, "cityCount" : 48, "processed" : 52, "cities" : [   "WEBSTER",  "WEYERHAEUSER",     "LORETTA",  "OSHKOSH",  "ALMOND",   "APPLETON",     "BANCROFT",     "BEAR CREEK",   "BERLIN",   "CAROLINE",     "CLINTONVILLE",     "COLOMA",   "ELDORADO",     "TAYCHEEDAH",   "NORTH FOND DU LA",     "FREMONT",  "GREEN LAKE",   "GREENVILLE",   "HANCOCK",  "HORTONVILLE",  "IOLA", "KING",     "LARSEN",   "LEOPOLIS",     "MANAWA",   "MARION",   "MENASHA",  "NEENAH",   "NESHKORO",     "NEW LONDON",   "OGDENSBURG",   "OMRO",     "PICKETT",  "PINE RIVER",   "PLAINFIELD",   "POY SIPPI",    "PRINCETON",    "REDGRANITE",   "RIPON",    "ROSENDALE",    "SCANDINAVIA",  "TILLEDA",  "VAN DYNE",     "WAUPACA",  "WAUTOMA",  "WEYAUWEGA",    "WILD ROSE",    "WINNECONNE" ], "avgPop" : 8346.958333333334 } }
{ "_id" : "WV", "value" : { "statePop" : 51812, "cityCount" : 39, "processed" : 40, "cities" : [    "NEW CREEK",    "PIEDMONT",     "PATTERSON CREEK",  "RIO",  "ROMNEY",   "SHANKS",   "SPRINGFIELD",  "HOPEMONT",     "THREE CHURCHES",   "WILEY FORD",   "HORSE SHOE RUN",   "BAKER", "BRANDYWINE",  "CIRCLEVILLE",  "FORT SEYBERT",     "FRANKLIN",     "HIGH VIEW",    "LOST CITY",    "LOST RIVER",   "MATHIAS",  "MOYERS",   "RIVERTON",     "SUGAR GROVE",  "ARTHUR",   "BLOOMERY",     "FISHER",   "JUNCTION",     "MAYSVILLE",    "RIG",  "MILAM",    "OLD FIELDS",   "DORCAS",   "WARDENSVILLE",     "PURGITSVILLE",     "CABINS",   "LEHEW",    "UPPER TRACT",  "SENECA ROCKS",     "ONEGO" ], "avgPop" : 1328.5128205128206 } }
{ "_id" : "WY", "value" : { "statePop" : 311987, "cityCount" : 92, "processed" : 96, "cities" : [   "RYAN PARK",    "SAVERY",   "SINCLAIR",     "WAMSUTTER",    "WORLAND",  "BASIN",    "BURLINGTON",   "CODY",     "DEAVER",   "GREYBULL",     "HYATTVILLE",   "LOVELL",   "MANDERSON",    "MEETEETSE",    "OTTO",     "POWELL",   "SHELL",    "TEN SLEEP",    "GRASS CREEK",  "WAPITI",   "GAS HILLS",    "ARAPAHOE",     "CROWHEART",    "DUBOIS",   "FORT WASHAKIE",    "KINNEAR",  "ETHETE",   "PAVILLION",    "CASPER",   "ALCOVA",   "ARMINTO",  "DOUGLAS",  "EVANSVILLE",   "GLENROCK",     "KAYCEE",   "LYSITE",   "MIDWEST",  "SHOSHONI",     "NEWCASTLE",    "ALADDIN",  "BEULAH",   "DEVILS TOWER",     "FOUR CORNERS",     "GILLETTE",     "HULETT",   "PINE HAVEN",   "OSAGE",    "OSHOTO",   "RECLUSE",  "ROZET",    "SUNDANCE",     "UPTON",    "WRIGHT",   "SHERIDAN",     "ARVADA",   "BANNER",   "BUFFALO",  "CLEARMONT",    "DAYTON",   "PARKMAN",  "ACME",     "STORY",    "RANCHESTER",   "ROCK SPRINGS",     "BONDURANT",    "BOULDER",  "CORA",     "EVANSTON",     "FORT BRIDGER",     "GREEN RIVER",  "LONETREE",     "LYMAN",    "MC KINNON",    "PINEDALE",     "COLTER BAY",   "KELLY",    "MOOSE", "MORAN",   "WILSON",   "KEMMERER",     "AFTON",    "AUBURN",   "BEDFORD",  "MARBLETON",    "COKEVILLE",    "DANIEL",   "ETNA", "FREEDOM",  "GROVER",   "LA BARGE",     "SMOOT",    "THAYNE" ], "avgPop" : 3391.163043478261 } }
